GKGRECORDID,Date,ActionGeo_CountryCode,Theme,Tone,Polarity,Emotion,Count,Country,DocumentIdentifier,Title,ActionGeo_FullName
20180801020000-1689,2018-08-01,US,ECON_STOCKMARKET,1,3,ambiguous-expectation,1,USA,https://www.fairfieldcurrent.com/2018/07/31/analyzing-kirby-kex-and-teekay-lng-partners-l-p-common-stock-tgp.html,"['Financial Contrast: Teekay Lng Partners, L.P. Common Stock (NYSE:TGP) vs. Kirby (KEX)']","Texas, United States"
20180801033000-1149,2018-08-01,US,ECON_STOCKMARKET,1,1,lost-sorrow,1,USA,https://www.dailypolitical.com/2018/07/31/salesforce-com-inc-crm-insider-parker-harris-sells-5711-shares.html,"['salesforce.com, inc. (CRM) Insider Parker Harris Sells 5,711 Shares']",United States
20180801010000-1960,2018-08-01,US,ECON_STOCKMARKET,1,4,easiness,1,USA,https://www.afr.com/technology/web/ecommerce/jeff-bezos-parents-may-have-a-us30-billion-stake-in-amazon-20180731-h13ej0,N/A,"Miami, Florida, United States"
20180801010000-201,2018-08-01,US,ECON_STOCKMARKET,-10,11,ambiguous-expectation,1,USA,https://961kiss.iheart.com/content/2018-07-31-florida-man-convicted-in-plot-to-bomb-target-stores/,['Florida Man Convicted In Plot To Bomb Target Stores'],"Florida, United States"
20180801031500-229,2018-08-01,US,ECON_STOCKMARKET,1,4,ambiguous-expectation,1,USA,https://finance.yahoo.com/news/jeff-bezos-parents-gambled-big-142602530.html,['Jeff Bezos’s Parents Gambled on His Big Idea — and Now Could Be Worth Billions'],"Miami, Florida, United States"
20180801031500-889,2018-08-01,US,ECON_STOCKMARKET,0,4,ambiguous-expectation,1,USA,https://www.marketwatch.com/story/bloom-energy-proves-it-should-not-be-trusted-2018-07-31,"['In just one week as a public company, Bloom Energy has squandered its credibility']","Delaware, United States"
20180801023000-630,2018-08-01,US,ECON_STOCKMARKET,0,3,ambiguous-expectation,1,USA,https://www.wkrb13.com/2018/08/01/blackrock-new-york-municipal-income-trst-bny-given-coverage-optimism-score-of-0-24.html,['Blackrock New York Municipal Income Trst (BNY) Given Coverage Optimism Score of 0.24'],"New York, United States"
20180801001500-2448,2018-08-01,US,ECON_STOCKMARKET,1,3,forgiveness,1,USA,https://www.themarketsdaily.com/2018/07/31/traders-sell-ishares-core-sp-500-etf-ivv-on-strength-ivv.html,['Traders Sell iShares Core S&P 500 ETF (IVV) on Strength (IVV)'],United States
20180801000000-1527,2018-08-01,US,ECON_STOCKMARKET,0,3,favor,1,USA,https://simplywall.st/stocks/au/materials/asx-pak/pacific-american-coal-shares/news/who-are-the-top-investors-in-pacific-american-coal-limited-asxpak/,['Who Are The Top Investors In Pacific American Coal Limited (ASX:PAK)?'],United States
20180801000000-338,2018-08-01,US,ECON_STOCKMARKET,0,5,friendliness,1,USA,http://www.philly.com/philly/blogs/inq-phillydeals/robert-eugene-turner-minister-stocks-cisco-salesforce-vanguard-20180731.html,"['Stockpicker Robert E. Turner, who once managed $30 billion, heads to ministry']","Illinois, United States"
20180801053000-2328,2018-08-01,US,ECON_STOCKMARKET,0,5,encouragement,1,USA,http://www.ieyenews.com/wordpress/goldman-sachs-shrugs-off-the-lack-of-depth-in-u-s-stock-rally/,['Goldman Sachs shrugs off the lack of depth in U.S. stock rally'],United States
20180801050000-1694,2018-08-01,US,ECON_STOCKMARKET,1,4,ambiguous-expectation,1,USA,https://www.thestar.com.my/tech/tech-news/2018/08/01/a-hidden-amazon-fortune-bezos-parents-could-be-worth-billions/,['A hidden Amazon fortune: Bezos’ parents could be worth billions - Tech News'],"New York, United States"
20180801070000-1421,2018-08-01,US,ECON_STOCKMARKET,2,3,captivation,1,USA,https://www.dailypolitical.com/2018/07/31/chesapeake-energy-chk-trading-0-9-higher-following-analyst-upgrade.html,['Chesapeake Energy (CHK) Trading 0.9% Higher Following Analyst Upgrade'],"Pennsylvania, United States"
20180801061500-1283,2018-08-01,US,ECON_STOCKMARKET,0,2,togetherness,1,USA,http://www.4-traders.com/SNAP-INC-34091150/news/Snap-Annual-Meeting-of-Stockholders-27032578/,['Snap : Annual Meeting of Stockholders'],"Delaware, United States"
20180801080000-1683,2018-08-01,US,ECON_STOCKMARKET,0,5,annoyance,1,USA,https://www.androidpolice.com/2014/08/01/google-now-launcher-updated-in-play-store-now-available-on-all-devices-running-android-4-1-or-later/,"['Google Now Launcher Updated In Play Store, Now Available On All Devices Running Android 4.1 Or Later']","Delaware, United States"
20180801113000-2070,2018-08-01,US,ECON_STOCKMARKET,3,5,encouragement,1,USA,http://www.thepoultrysite.com/poultrynews/40296/japan-chunky-association-journeys-to-viv-europe-and-aviagen-sau/,['Japan Chunky Association journeys to VIV Europe and Aviagen SAU'],"Alabama, United States"
20180801110000-1609,2018-08-01,US,ECON_STOCKMARKET,0,5,coolness,1,USA,https://www.pressherald.com/2018/08/01/theres-a-lot-more-to-vietnamese-cuisine-than-pho/,['There’s a lot more to Vietnamese cuisine than pho'],"Maine, United States"
20180801111500-1711,2018-08-01,US,ECON_STOCKMARKET,0,2,lost-sorrow,1,USA,https://www.businesswire.com/news/home/20180801005300/en/Ventas-Replaces-Expired-%E2%80%9CAt-the-Market%E2%80%9D-Equity-Offering-Program,['Ventas Replaces its Expired “At-the-Market” Equity Offering Program'],"New York, United States"
20180801114500-1869,2018-08-01,US,ECON_STOCKMARKET,0,0,captivation,1,USA,https://www.dailypolitical.com/2018/08/01/commonwealth-equity-services-llc-acquires-9220-shares-of-consolidated-edison-inc-ed.html,"['Commonwealth Equity Services LLC Acquires 9,220 Shares of Consolidated Edison, Inc. (ED)']","Westchester County, New York, United States"
20180801120000-836,2018-08-01,US,ECON_STOCKMARKET,1,4,calmness,1,USA,https://www.financialexpress.com/industry/a-hidden-amazon-fortune-jeff-bezos-parents-may-be-worth-billions/1265857/,['A hidden Amazon fortune: Jeff Bezos parents may be worth billions'],"National Constitution Center, Pennsylvania, United States"
20180801134500-2759,2018-08-01,US,ECON_STOCKMARKET,-4,11,enthusiasm,1,USA,https://www.natlawreview.com/article/osborn-v-griffin-when-prejudgment-interest-appropriate,['Osborn v. Griffin: When Is Prejudgment Interest Appropriate?'],"Kentucky, United States"
20180801123000-1408,2018-08-01,US,ECON_STOCKMARKET,0,3,favor,1,USA,https://seekingalpha.com/article/4192914-bye-bye-bye-mlps-part-2-saying-bye,N/A,United States
20180801150000-2350,2018-08-01,US,ECON_STOCKMARKET,1,1,coolness,1,USA,https://www.wkrb13.com/2018/08/01/ubs-group-ag-reduces-position-in-caci-international-inc-common-stock-caci.html,['UBS Group AG Reduces Position in CACI INTERNATIONAL INC Common Stock (CACI)'],"Massachusetts, United States"
20180801130000-19,2018-08-01,US,ECON_STOCKMARKET,1,2,ambiguous-expectation,1,USA,https://www.dailypolitical.com/2018/08/01/somewhat-negative-press-coverage-somewhat-unlikely-to-impact-caci-international-inc-common-stock-caci-share-price.html,['Somewhat Negative Press Coverage Somewhat Unlikely to Impact CACI INTERNATIONAL INC Common Stock (CACI) Share Price'],United States
20180801130000-2210,2018-08-01,US,ECON_STOCKMARKET,0,5,coolness,1,USA,https://www.centralmaine.com/2018/08/01/theres-a-lot-more-to-vietnamese-cuisine-than-pho/,['There’s a lot more to Vietnamese cuisine than pho'],"Waterville, Maine, United States"
20180801173000-547,2018-08-01,US,ECON_STOCKMARKET,-5,6,favor,1,USA,https://www.oilandgasinvestor.com/eia-us-crude-inventories-rise-unexpectedly-exports-drop-1711341,['EIA: US Crude Inventories Rise Unexpectedly As Exports Drop'],"New York, United States"
20180801193000-380,2018-08-01,US,ECON_STOCKMARKET,-4,8,gravity,1,USA,https://www.cowboycountrymagazine.com/2018/08/the-death-of-cattle-kate/,[None],"Natrona County, Wyoming, United States"
20180801194500-1367,2018-08-01,US,ECON_STOCKMARKET,0,1,captivation,1,USA,https://www.fairfieldcurrent.com/2018/08/01/whittier-trust-co-has-2-70-million-position-in-bemis-company-inc-bms.html,"['MarketBeat: Stock Ratings, Research Tools and Market News']",United States
20180801200000-1,2018-08-01,US,ECON_STOCKMARKET,2,4,levity,1,USA,https://www.eaglenewsonline.com/news/opinion/point-of-view/2018/08/01/livin-in-liverpool-party-like-its-1929-on-monday-at-johnson-park/,[None],"Johnson Park, New York, United States"
20180801200000-2185,2018-08-01,US,ECON_STOCKMARKET,0,2,forgiveness,1,USA,https://www.themarketsdaily.com/2018/08/01/whittier-trust-co-of-nevada-inc-acquires-shares-of-10000-nuveen-intermediate-duration-munpl-tm-fd-nid.html,"['Whittier Trust Co. of Nevada Inc. Acquires Shares of 10,000 Nuveen Intermediate Duration Munpl Tm Fd (NID)']","Nevada, United States"
20180801203000-98,2018-08-01,US,ECON_STOCKMARKET,3,5,ambiguous-expectation,1,USA,https://www.dailypolitical.com/2018/08/01/somewhat-favorable-media-coverage-somewhat-unlikely-to-affect-bp-prudhoe-bay-royalty-trust-bpt-stock-price.html,['Somewhat Favorable Media Coverage Somewhat Unlikely to Affect BP Prudhoe Bay Royalty Trust (BPT) Stock Price'],"Prudhoe Bay, Alaska, United States"
20180801203000-2142,2018-08-01,US,ECON_STOCKMARKET,2,3,captivation,1,USA,https://www.dailypolitical.com/2018/08/01/1460000-shares-in-comscore-inc-scor-purchased-by-state-of-new-jersey-common-pension-fund-d.html,"['1,460,000 Shares in COMSCORE, Inc. (SCOR) Purchased by State of New Jersey Common Pension Fund D']","New Jersey, United States"
20180801210000-201,2018-08-01,US,ECON_STOCKMARKET,0,3,favor,1,USA,http://www.orlandosentinel.com/business/consumer/os-bz-publix-second-quarter-earnings-20180801-story.html,['We are currently unavailable in your region'],"Florida, United States"
20180801210000-2569,2018-08-01,US,ECON_STOCKMARKET,0,1,captivation,1,USA,https://tokoyuri.com/2018/08/01/humana-hum-holding-maintained-by-wafra-investment-advisory-group-inc-cypress-capital-management-has-upped-bank-of-new-york-bk-stake-by-358275/,[None],"Montana, United States"
20180801221500-1642,2018-08-01,US,ECON_STOCKMARKET,1,5,approval,1,USA,https://www.fool.com/investing/2018/08/01/a-return-of-normal-weather-powers-dominion-energy.aspx?source=iedfolrf0000001,"[""A Return of Normal Weather Powers Dominion Energy Inc's Strong Q2 Results""]","South Carolina, United States"
20180801220000-808,2018-08-01,US,ECON_STOCKMARKET,1,4,ambiguous-expectation,1,USA,https://southernconservativedaily.com/2018/08/01/whats-blackrock-new-york-municipal-bond-trust-bqh-upside-after-forming-bullish-descending-triangle-chart-pattern/,['What’s BlackRock New York Municipal Bond Trust (BQH) Upside After Forming Bullish Descending Triangle Chart Pattern?'],United States
20180801211500-206,2018-08-01,US,ECON_STOCKMARKET,0,4,favor,1,USA,https://www.jdsupra.com/legalnews/new-amendments-to-delaware-general-75206/,['New Amendments to Delaware General Corporation Law Take Effect'],"Delaware, United States"
20180801211500-1584,2018-08-01,US,ECON_STOCKMARKET,0,4,reverence,1,USA,http://www.4-traders.com/news/Square-Form-10-Q--27039202/,['Square : Form 10-Q'],"San Francisco, California, United States"
20180802023000-1783,2018-08-02,US,ECON_STOCKMARKET,1,1,stir,1,USA,https://theenterpriseleader.com/2018/08/01/royal-bank-of-canada-decreases-position-in-alliant-energy-co-lnt.html,['Royal Bank of Canada Has $8.96 Million Position in Alliant Energy Co. (NYSE:LNT)'],"Iowa, United States"
20180802013000-1163,2018-08-02,US,ECON_STOCKMARKET,0,3,enthusiasm,1,USA,http://www.stockhouse.com/news/press-releases/2018/08/01/moelis-company-prices-public-offering-of-class-a-common-stock,[None],United States
20180802000000-864,2018-08-02,US,ECON_STOCKMARKET,-4,4,hopelessness,1,USA,http://www.kvor.com/news/papa-johns-hires-ari-emanuels-ad-agency-to-get-past-n-word-controversy/,[None],"Hollywood, California, United States"
20180802000000-1286,2018-08-02,US,ECON_STOCKMARKET,1,2,ambiguous-expectation,1,USA,https://www.whatsonthorold.com/2018/08/01/hollyfrontier-corporation-hfc-eps-estimated-at-1-63/,[None],United States
20180802000000-2233,2018-08-02,US,ECON_STOCKMARKET,0,1,captivation,1,USA,https://www.fairfieldcurrent.com/2018/08/01/dynamic-technology-lab-private-ltd-purchases-new-stake-in-bemis-company-inc-bms.html,"['Dynamic Technology Lab Private Ltd Invests $240,000 in Bemis Company, Inc. (BMS)']",United States
20180802043000-479,2018-08-02,US,ECON_STOCKMARKET,1,2,captivation,1,USA,https://www.dailypolitical.com/2018/08/01/aqua-america-wtr-updates-fy18-earnings-guidance.html,['Aqua America (WTR) Updates FY18 Earnings Guidance'],United States
20180802074500-2230,2018-08-02,US,ECON_STOCKMARKET,1,3,closeness,1,USA,http://bethesdamagazine.com/bethesda-beat/business/business-notes-bethesda-based-luxury-hotel-owner-purchased-for-48-billion/,N/A,"Montgomery County, Maryland, United States"
20180802093000-1096,2018-08-02,US,ECON_STOCKMARKET,1,2,captivation,1,USA,https://www.dailypolitical.com/2018/08/02/aperio-group-llc-boosts-stake-in-rio-tinto-plc-adr-common-stock-rio.html,['Aperio Group LLC Boosts Stake in Rio Tinto plc ADR Common Stock (RIO)'],"Rio Tinto, Nevada, United States"
20180802091500-182,2018-08-02,US,ECON_STOCKMARKET,0,1,stir,1,USA,https://www.dailypolitical.com/2018/08/02/achmea-investment-management-b-v-takes-486000-position-in-new-york-community-bancorp-inc-nycb.html,"['Achmea Investment Management B.V. Takes $486,000 Position in New York Community Bancorp, Inc. (NYCB)']","New York, United States"
20180802080000-1841,2018-08-02,US,ECON_STOCKMARKET,1,2,captivation,1,USA,https://www.dailypolitical.com/2018/08/02/somewhat-positive-media-coverage-somewhat-unlikely-to-impact-bank-of-nova-scotia-bns-share-price.html,['Somewhat Positive Media Coverage Somewhat Unlikely to Impact Bank of Nova Scotia (BNS) Share Price'],United States
20180802100000-559,2018-08-02,US,ECON_STOCKMARKET,0,1,captivation,1,USA,https://www.dailypolitical.com/2018/08/02/aviva-plc-has-45-45-million-stake-in-las-vegas-sands-corp-lvs.html,['Aviva PLC Has $45.45 Million Stake in Las Vegas Sands Corp. (LVS)'],"Las Vegas, Nevada, United States"
20180802084500-536,2018-08-02,US,ECON_STOCKMARKET,0,5,forgiveness,1,USA,https://www.investegate.co.uk/bigdish-plc--dish-/rns/admission-to-main-market---first-day-of-dealings/201808020800015966W/,['BigDish PLC: Admission to Main Market & First Day of Dealings'],"New York, United States"
20180802084500-194,2018-08-02,US,ECON_STOCKMARKET,3,5,fearlessness,1,USA,https://www.themarketsdaily.com/2018/08/02/analyzing-caci-international-inc-common-stock-caci-leidos-ldos.html,['Analyzing CACI INTERNATIONAL INC Common Stock (CACI) & Leidos (LDOS)'],"Virginia, United States"
20180802113000-871,2018-08-02,US,ECON_STOCKMARKET,0,1,impatience,1,USA,https://flecha123.com/2018/08/02/united-states-cellular-usm-reaches-34-44-formed-h-orocobre-ltd-milton-qld-ordinary-shares-orocf-shorts-up-by-0-83/,['United States Cellular (USM) Reaches $34.44 Formed H&S; OROCOBRE LTD. MILTON QLD ORDINARY SHARES (OROCF) Shorts Up By 0.83%'],United States
20180802114500-996,2018-08-02,US,ECON_STOCKMARKET,4,4,encouragement,1,USA,https://949thebull.iheart.com/content/2018-08-02-you-choose-the-news-for-thursday-august-2nd-2018/,"['You Choose The News for Thursday, August 2nd 2018']","Louisiana, United States"
20180802103000-1874,2018-08-02,US,ECON_STOCKMARKET,0,1,enthusiasm,1,USA,https://www.wkrb13.com/2018/08/02/general-electric-ge-shares-bought-by-employees-retirement-system-of-texas.html,['General Electric (GE) Shares Bought by Employees Retirement System of Texas'],"Texas, United States"
20180802130000-2001,2018-08-02,US,ECON_STOCKMARKET,0,1,captivation,1,USA,https://www.dailypolitical.com/2018/08/02/richard-h-lenny-acquires-1778-shares-of-illinois-tool-works-inc-itw-stock.html,"['Richard H. Lenny Acquires 1,778 Shares of Illinois Tool Works Inc. (ITW) Stock']","Illinois, United States"
20180802134500-1874,2018-08-02,US,ECON_STOCKMARKET,4,6,ambiguous-expectation,1,USA,https://flecha123.com/2018/08/02/london-co-of-virginia-trimmed-its-crown-castle-intl-new-cci-stake-cadinha-co-decreased-accenture-plc-ireland-class-a-acn-position/,['London Co Of Virginia Trimmed Its Crown Castle Intl New (CCI) Stake; Cadinha & Co Decreased Accenture Plc Ireland Class A (ACN) Position'],"Vermont, United States"
20180802154500-2783,2018-08-02,US,ECON_STOCKMARKET,1,4,favor,1,USA,http://www.4-traders.com/news/SOLBRIGHT-GROUP-INC-Entry-into-a-Material-Definitive-Agreement-Unregistered-Sale-of-Equity-Secu--27046263/,"['SOLBRIGHT GROUP, INC. : Entry into a Material Definitive Agreement, Unregistered Sale of Equity Securities, Changes in Control or Registrant, Submission of Matters to a Vote of Security Holders, Regul']","Arizona, United States"
20180802163000-1523,2018-08-02,US,ECON_STOCKMARKET,1,4,ambiguous-expectation,1,USA,https://southernconservativedaily.com/2018/08/02/whats-in-nuveen-texas-quality-municipal-ntx-after-forming-bearish-double-bottom/,['What’s in Nuveen Texas Quality Municipal (NTX) After Forming Bearish Double Bottom?'],"Ohio, United States"
20180802163000-931,2018-08-02,US,ECON_STOCKMARKET,1,1,reverence,1,USA,https://www.dispatchtribunal.com/2018/08/02/fort-washington-investment-advisors-inc-oh-has-201000-stake-in-ishares-russell-1000-value-etf-iwd.html,"['Fort Washington Investment Advisors Inc. OH Has $201,000 Stake in iShares Russell 1000 Value ETF (IWD)']","Washington, District of Columbia, United States"
20180802181500-2851,2018-08-02,US,ECON_STOCKMARKET,-2,5,enthusiasm,1,USA,https://www.orlandoweekly.com/Blogs/archives/2018/08/02/publixs-sales-increased-over-last-three-months-despite-nra-controversy,"[""Publix's sales increased over last three months, despite NRA controversy""]","Florida, United States"
20180802190000-1306,2018-08-02,US,ECON_STOCKMARKET,1,1,captivation,1,USA,https://www.dailypolitical.com/2018/08/02/boenning-scattergood-reaffirms-hold-rating-for-aqua-america-wtr.html,['Boenning Scattergood Reaffirms “Hold” Rating for Aqua America (WTR)'],United States
20180802191500-1187,2018-08-02,US,ECON_STOCKMARKET,0,1,encouragement,1,USA,https://www.businessreport.com/article/coming-nicholson-gateway-frutta-bowls-starbucks-private-stock-sneakers-apparel-boutique,"['Coming to Nicholson Gateway: Frutta Bowls, Starbucks, Private Stock Sneakers and Apparel Boutique']","Georgia, United States"
20180802191500-185,2018-08-02,US,ECON_STOCKMARKET,0,1,reverence,1,USA,https://www.dailypolitical.com/2018/08/02/marijuana-company-of-america-inc-mcoa-cfo-sells-39000-00-in-stock.html,"['Marijuana Company Of America Inc (MCOA) CFO Sells $39,000.00 in Stock']",United States
20180802200000-979,2018-08-02,US,ECON_STOCKMARKET,0,9,favor,1,USA,https://www.natlawreview.com/article/delaware-chancery-court-finds-absence-controlling-stockholder-does-not-eliminate,['Delaware Chancery Court Finds Absence of Controlling Stockholder Does Not Eliminate Possibility for Adequately Pled Corporate Overpayment Claims'],"Delaware, United States"
20180802204500-1033,2018-08-02,US,ECON_STOCKMARKET,0,2,favor,1,USA,https://www.tmcnet.com/usubmit/2018/08/02/8796701.htm,['BERKSHIRE HATHAWAY INC. Information Regarding Second Quarter Earnings Release'],"Berkshire, New York, United States"
20180802204500-419,2018-08-02,US,ECON_STOCKMARKET,0,2,encouragement,1,USA,https://www.businesswire.com/news/home/20180802005792/en/AIG-Board-Directors-Declares-Common-Stock-Dividend,['AIG Board of Directors Declares Common Stock Dividend of $0.32 Per Share'],United States
20180802231500-987,2018-08-02,US,ECON_STOCKMARKET,1,2,encouragement,1,USA,http://www.live5news.com/story/38800005/send-jordan-from-rouses-to-school-is-top-campaign-on-gofundme-more-than-50k-raised-jordan-taylor-ziggy-jack-ryan,"[""'Send Jordan from Rouses to School' is top campaign on GoFundMe; - Live5News.com | Charleston, SC | News, Weather, Sports""]","Louisiana, United States"
20180802231500-1318,2018-08-02,US,ECON_STOCKMARKET,2,3,enthusiasm,1,USA,http://www.hospitality-industry.com/index.php/news/comments/guinness-brewery-debuts-in-maryland,['Guinness Brewery Debuts In Maryland'],"Maryland, United States"
20180801003000-2414,2018-08-01,IN,ECON_STOCKMARKET,0,6,nausea,1,India,https://www.physiciansweekly.com/chipotle-slumps-9-percent/,['Chipotle slumps 9 percent after Ohio outlet linked to food poisoning complaints'],"Bengaluru, Karnataka, India"
20180801080000-921,2018-08-01,IN,ECON_STOCKMARKET,0,3,encouragement,1,India,https://www.financialexpress.com/market/amid-record-rally-in-sensex-nifty-nilesh-shah-ok-kotak-mf-sees-opportunity-in-midcap-stocks/1265439/,"['Amid record rally in Sensex, Nifty; Nilesh Shah of Kotak MF sees opportunity in midcap stocks']",India
20180801231500-2908,2018-08-01,IN,ECON_STOCKMARKET,-7,8,isolation,1,India,https://timesofindia.indiatimes.com/city/rajkot/fir-lodged-for-mixing-mud-stones-in-groundnut-stock/articleshow/65235137.cms,"['FIR lodged for mixing mud, stones in groundnut stock']","Jetpur, Gujarat, India"
20180802053000-1386,2018-08-02,IN,ECON_STOCKMARKET,2,7,favor,1,India,https://www.moneycontrol.com/news/trends/fiis-raise-stake-in-nearly-300-stocks-that-fell-up-to-50-in-2018-2791861.html,['FIIs raise stake in nearly 300 stocks that fell up to 50% in 2018'],"Mawana, Uttar Pradesh, India"
20180802043000-847,2018-08-02,IN,ECON_STOCKMARKET,0,4,diffidence,1,India,https://www.financialexpress.com/market/stocks-in-news-today-idbi-bank-icici-bank-rinfra-nhpc-kotak-mahindra-bank-ongc-tata-motors-hero-moto/1266599/,"['Stocks in news today: IDBI Bank, ICICI Bank, RInfra, NHPC, Kotak Mahindra Bank, ONGC, Tata Motors, Hero Moto']",India
20180802060000-992,2018-08-02,IN,ECON_STOCKMARKET,0,5,approval,1,India,http://www.btvi.in/article/read/stock_market/90131/stocks-to-watch-out-for-on-thursday--august-02--ongc--idbi-bank,[None],"Delhi, Delhi, India"
20180802063000-1694,2018-08-02,IN,ECON_STOCKMARKET,2,3,captivation,1,India,https://www.wkrb13.com/2018/08/02/jefferies-financial-group-analysts-cut-earnings-estimates-for-icici-bank-ltd-ibn.html,['Jefferies Financial Group Analysts Cut Earnings Estimates for ICICI Bank Ltd (IBN)'],India
20180802063000-1699,2018-08-02,IN,ECON_STOCKMARKET,-2,6,negative-concern,1,India,https://economictimes.indiatimes.com/markets/stocks/news/stock-market-update-over-20-stocks-hit-52-week-lows-on-nse/articleshow/65239110.cms,['Khaitan Electricals Ltd.: Stock market update: Over 20 stocks hit 52-week lows on NSE - The Economic Times'],India
20180802084500-1585,2018-08-02,IN,ECON_STOCKMARKET,-2,7,reverence,1,India,https://economictimes.indiatimes.com/markets/stocks/news/if-you-made-money-in-this-market-consider-yourself-lucky-heres-why/articleshow/65241641.cms,"['If you have made money in this market, consider yourself lucky! Here’s why']","Mangalore, Karnataka, India"
20180802101500-2445,2018-08-02,IN,ECON_STOCKMARKET,-3,6,empathy,1,India,https://economictimes.indiatimes.com/news/politics-and-nation/ed-attached-rs-328-crore-worth-property-of-nathella-sampath-in-money-laundering-case/articleshow/65242810.cms,['ED attached Rs 328-crore worth property of Nathella Sampath in money laundering case'],"Bengaluru, Karnataka, India"
20180802221500-151,2018-08-02,IN,ECON_STOCKMARKET,1,1,liking,1,India,https://www.business-standard.com/article/companies/promoter-stake-in-kotak-mahindra-bank-goes-below-20-from-30-03-118080300057_1.html,['Promoter stake in Kotak Mahindra Bank goes below 20% from 30.03%'],India
20180801033000-1950,2018-08-01,PK,ECON_STOCKMARKET,-4,5,togetherness,1,Pakistan,https://www.thenews.com.pk/print/348852-stocks-lose-over-884-points-amid-selling-pressure-across-the-board,['Stocks lose over 884 points amid selling pressure across the board'],"Cherat, Federally Administered Tribal Areas, Pakistan"
20180801033000-1011,2018-08-01,AS,ECON_STOCKMARKET,-1,5,hopefulness,1,Australia,https://www.forbes.com/sites/clairepoole/2018/07/31/doubts-about-bp-linger-despite-big-acquisition-earnings-beat/,['[no-title]'],Australia
20180801210000-2438,2018-08-01,AS,ECON_STOCKMARKET,0,4,enthusiasm,1,Australia,https://www.marketwatch.com/press-release/moelis-company-commences-public-offering-of-class-a-common-stock-2018-08-01,['Moelis & Company Commences Public Offering of Class A Common Stock'],"Broadridge, Tasmania, Australia"
20180802061500-1556,2018-08-02,AS,ECON_STOCKMARKET,0,3,defeatism,1,Australia,https://www.afr.com/real-estate/brisbane-office-vacancy-falls-furthest-as-economy-leasing-pick-up-20180731-h13edu,N/A,"Brisbane, Queensland, Australia"
20180802091500-1189,2018-08-02,AS,ECON_STOCKMARKET,2,2,favor,1,Australia,https://www.dailypolitical.com/2018/08/02/bessemer-group-inc-acquires-12165-shares-of-ishares-msci-eafe-growth-index-efg.html,"['Bessemer Group Inc. Acquires 12,165 Shares of iShares MSCI EAFE Growth Index (EFG)']",Australia
20180802084500-1376,2018-08-02,AS,ECON_STOCKMARKET,0,1,captivation,1,Australia,https://www.wkrb13.com/2018/08/02/rio-tinto-plc-adr-common-stock-rio-receiving-somewhat-positive-press-coverage-study-finds.html,"['Rio Tinto plc ADR Common Stock (RIO) Receiving Somewhat Positive Press Coverage, Study Finds']",Australia
20180802133000-1357,2018-08-02,AS,ECON_STOCKMARKET,1,3,ambiguous-expectation,1,Australia,https://www.afr.com/business/mining/jacques-keen-to-emulate-exxons-perennial-buyback-20180802-h13gg7,N/A,Australia
20180801010000-91,2018-08-01,CH,ECON_STOCKMARKET,-1,4,captivation,1,China,http://www.theedgemarkets.com/article/chinese-investors-pile-money-market-funds-dumping-stocks,"['Chinese Investors Pile Into Money Market Funds, Dumping Stocks']","Beijing, Beijing, China"
20180801044500-1503,2018-08-01,CH,ECON_STOCKMARKET,-1,6,satisfaction,1,China,http://www.dnaindia.com/technology/report-apple-to-fix-devices-damaged-by-japan-s-floods-for-free-2644203,N/A,China
20180801041500-1755,2018-08-01,CH,ECON_STOCKMARKET,1,5,preference,1,China,http://www.4-traders.com/news/ASIA-MARKETS-Asian-Markets-Mostly-Up-As-Apple-Suppliers-Get-A-Boost--27032114/,"['ASIA MARKETS: Asian Markets Mostly Up, As Apple Suppliers Get A Boost']","Shanghai, Shanghai, China"
20180801074500-451,2018-08-01,CH,ECON_STOCKMARKET,0,2,stir,1,China,https://www.bloombergquint.com/business/2018/08/01/china-tower-said-to-raise-6-9-billion-in-ipo-priced-at-low-end,['China Tower Raises $6.9 Billion in IPO Priced at Low End'],"Xiaomi, Fujian, China"
20180801083000-840,2018-08-01,CH,ECON_STOCKMARKET,0,2,happiness,1,China,http://www.4-traders.com/BEIJING-CAPITAL-LAND-LIMI-6171005/news/Beijing-Capital-Land-RESULT-OF-THE-EXTRAORDINARY-GENERAL-MEETING-HELD-ON-26-JULY-2018-27033370/,['Beijing Capital Land : RESULT OF THE EXTRAORDINARY GENERAL MEETING HELD ON 26 JULY 2018'],"Beijing, Beijing, China"
20180801093000-1638,2018-08-01,CH,ECON_STOCKMARKET,-2,4,satisfaction,1,China,http://www.4-traders.com/CHINA-LONGEVITY-GROUP-CO-6171250/news/China-Longevity-Announcements-and-Notices-Transitional-Arrangements-for-the-Amendments-to-the-De-27033865/,['China Longevity : Announcements and Notices - Transitional Arrangements for the Amendments to the Delisting Framework under the Listing Rules and Update on Suspension of Trading'],"Lu Jiayu, Hebei, China"
20180801144500-2152,2018-08-01,CH,ECON_STOCKMARKET,0,2,encouragement,1,China,https://www.investors.com/news/technology/baidu-stock-bidu-earnings-google/,['Access to this page has been denied.'],China
20180801130000-211,2018-08-01,CH,ECON_STOCKMARKET,-1,4,captivation,1,China,https://gulfnews.com/business/sectors/markets/chinese-investors-flee-into-money-market-funds-from-stocks-1.2260137,['Chinese investors flee into money market funds from stocks'],"Shanghai, Shanghai, China"
20180802013000-1008,2018-08-02,CH,ECON_STOCKMARKET,0,5,security,1,China,https://www.straitstimes.com/business/companies-markets/sti-inches-up-as-banks-all-end-higher,['STI inches up as banks all end higher'],China
20180802051500-1076,2018-08-02,CH,ECON_STOCKMARKET,1,2,admiration,1,China,https://www.msn.com/en-us/finance/news/what-investors-should-know-about-share-buybacks-by-singapore-stocks-in-july-2018/ar-BBLo3Xy,['What Investors Should Know About Share Buybacks By Singapore Stocks In July 2018'],"Yangzijiang, China (general), China"
20180802043000-1653,2018-08-02,CH,ECON_STOCKMARKET,-5,8,preference,1,China,https://economictimes.indiatimes.com/markets/stocks/news/brokerages-cut-price-targets-on-tata-motors-after-poor-q1-numbers/articleshow/65237343.cms,['Brokerages cut price targets on Tata Motors after poor Q1 numbers'],China
20180802094500-1883,2018-08-02,CH,ECON_STOCKMARKET,-2,3,depression,1,China,https://themalaysianreserve.com/2018/08/02/china-tower-raises-rm28b-in-ipo-priced-at-low-end/,[None],"Xiaomi, Fujian, China"
20180802111500-1274,2018-08-02,CH,ECON_STOCKMARKET,1,3,lost-sorrow,1,China,https://www.businesstimes.com.sg/asean-business/how-chinas-economy-has-spillover-effects-on-asean-amro-report,"[""How China's economy has spillover effects on Asean: AMRO report""]",China
20180802171500-1381,2018-08-02,CH,ECON_STOCKMARKET,-3,8,distress,1,China,https://www.barrons.com/articles/machinery-stocks-are-too-cheap-trade-war-or-not-1533222541,"['Machinery Stocks Are Too Cheap, Trade War or Not']",China
20180802193000-205,2018-08-02,CH,ECON_STOCKMARKET,-1,2,defeatism,1,China,https://www.investors.com/etfs-and-funds/etfs/trump-trade-war-threats-hit-china-stocks/,['Access to this page has been denied.'],"Shanghai, Shanghai, China"
20180802210000-1051,2018-08-02,CH,ECON_STOCKMARKET,1,3,ambiguous-expectation,1,China,https://www.valuewalk.com/2018/08/apple-1-trillion-market-cap-company/,"['Apple Enters Trillion-Dollar Club, Though It’s Alone There For Now']",China
20180802213000-882,2018-08-02,CH,ECON_STOCKMARKET,-3,9,defeatism,1,China,http://www.nationmultimedia.com/detail/your_say/30351342,['Heavyweight bully America has met its match in trade fight'],"Beijing, Beijing, China"
20180802231500-1915,2018-08-02,CH,ECON_STOCKMARKET,1,2,exhilaration,1,China,https://therealdeal.com/2018/08/02/cushman-stock-rises-in-first-day-of-public-trading/,[None],China
20180801004500-628,2018-08-01,MX,ECON_STOCKMARKET,0,6,neutral-unconcern,1,Mexico,https://www.forbes.com/sites/clairepoole/2018/07/31/are-oilfield-services-companies-impacted-by-permian-takeaway-constraints/,['[no-title]'],Mexico
20180801083000-1574,2018-08-01,MX,ECON_STOCKMARKET,2,2,captivation,1,Mexico,https://www.dailypolitical.com/2018/08/01/jefferies-financial-group-equities-analysts-lift-earnings-estimates-for-chipotle-mexican-grill-inc-cmg.html,"['Jefferies Financial Group Equities Analysts Lift Earnings Estimates for Chipotle Mexican Grill, Inc. (CMG)']",Mexico
20180802103000-956,2018-08-02,MX,ECON_STOCKMARKET,1,1,favor,1,Mexico,https://www.wkrb13.com/2018/08/02/guggenheim-capital-llc-has-356000-stake-in-tootsie-roll-industries-inc-tr.html,"['Guggenheim Capital LLC Has $356,000 Stake in Tootsie Roll Industries, Inc. (TR)']",Mexico
20180801040000-286,2018-08-01,NP,ECON_STOCKMARKET,1,2,ambiguous-hope,1,Nepal,http://kathmandupost.ekantipur.com/news/2018-08-01/central-bank-gives-green-signal-to-margin-trading.html,['Central bank gives green signal to margin trading'],Nepal
20180801053000-2209,2018-08-01,GM,ECON_STOCKMARKET,1,2,captivation,1,Germany,https://www.fairfieldcurrent.com/2018/08/01/deutsche-lufthansa-ag-dlaky-receives-average-rating-of-hold-from-brokerages.html,"['MarketBeat: Stock Ratings, Research Tools and Market News']",Germany
20180801103000-1678,2018-08-01,GM,ECON_STOCKMARKET,1,3,forgiveness,1,Germany,https://www.dailypolitical.com/2018/08/01/analyzing-bg-foods-bgs-and-pinnacle-foods-inc-common-stock-pf.html,['Analyzing B&G Foods (BGS) and PINNACLE FOODS INC Common Stock (PF)'],"Berlin, Berlin, Germany"
20180801231500-2044,2018-08-01,GM,ECON_STOCKMARKET,0,5,lost-sorrow,1,Germany,https://www.bnnbloomberg.ca/tesla-tempers-cash-burn-as-musk-s-model-3-gains-steam-1.1117660,"[""Tesla tempers cash burn as Musk's Model 3 gains steam""]",Germany
20180801063000-1420,2018-08-01,NO,ECON_STOCKMARKET,-1,3,admiration,1,Norway,http://www.4-traders.com/WENTWORTH-RESOURCES-LIMIT-1413071/news/Wentworth-Resources-Limited-Shareholder-Update-and-Conference-Call-27032662/,['Wentworth Resources Limited : Shareholder Update and Conference Call'],"Oslo, Oslo, Norway"
20180801063000-1729,2018-08-01,NO,ECON_STOCKMARKET,-1,4,favor,1,Norway,http://www.4-traders.com/WENTWORTH-RESOURCES-LIMIT-1413071/news/Wentworth-Resources-Limited-Payment-Update-27032641/,['Wentworth Resources Limited : Payment Update'],"Oslo, Oslo, Norway"
20180801070000-1888,2018-08-01,NO,ECON_STOCKMARKET,-1,3,admiration,1,Norway,https://www.finanznachrichten.de/nachrichten-2018-08/44425150-wentworth-resources-limited-shareholder-update-and-conference-call-399.htm,['Wentworth Resources Limited: Shareholder Update and Conference Call'],"Oslo, Oslo, Norway"
20180801070000-758,2018-08-01,NO,ECON_STOCKMARKET,-1,4,favor,1,Norway,https://www.finanznachrichten.de/nachrichten-2018-08/44425149-wentworth-resources-limited-payment-update-399.htm,['Wentworth Resources Limited: Payment Update'],"Oslo, Oslo, Norway"
20180801063000-1986,2018-08-01,TD,ECON_STOCKMARKET,3,5,ambiguous-hope,1,Trinidad and Tobago,https://newsday.co.tt/2018/08/01/ttngl-reports-strong-half-year-results/,['TTNGL reports strong half year results'],"Point Lisas, Caroni, Trinidad And Tobago"
20180801064500-753,2018-08-01,JA,ECON_STOCKMARKET,3,9,ambiguous-expectation,1,Japan,http://www.4-traders.com/KDDI-CORP-6492137/news/KDDI-Notice-of-Disposal-of-Treasury-Stock-through-a-Third-Party-Allocation-27032779/,['KDDI : Notice of Disposal of Treasury Stock through a Third-Party Allocation'],"Tokyo, Tokyo, Japan"
20180801083000-83,2018-08-01,JA,ECON_STOCKMARKET,1,2,reverence,1,Japan,http://www.4-traders.com/OMRON-CORPORATION-6491550/news/OMRON-Notice-Regarding-the-status-Progress-Report-of-Acquisition-of-Treasury-Stock-27033412/,['OMRON : Notice Regarding the status (Progress Report) of Acquisition of Treasury Stock'],"Tokyo, Tokyo, Japan"
20180802033000-1575,2018-08-02,JA,ECON_STOCKMARKET,-4,5,preference,1,Japan,http://www.4-traders.com/news/ASIA-MARKETS-Asian-Stock-Markets-Drop-Weighed-By-Pullback-In-China--27040653/,"['ASIA MARKETS: Asian Stock Markets Drop, Weighed By Pullback In China']","Kobe, Hyogo, Japan"
20180802203000-1637,2018-08-02,JA,ECON_STOCKMARKET,1,1,forgiveness,1,Japan,https://www.wkrb13.com/2018/08/02/ishares-msci-japan-etf-ewj-position-lifted-by-cwm-llc.html,['iShares MSCI Japan ETF (EWJ) Position Lifted by Cwm LLC'],Japan
20180801050000-1579,2018-08-01,CH,ECON_STOCKMARKET,0,4,happiness,1,China,http://www.4-traders.com/news/Huarong-Investment-Stock-GENERAL-DISCLOSURE-UNDER-RULE-13-18-OF-THE-LISTING-RULES--27032178/,['Huarong Investment Stock : GENERAL DISCLOSURE UNDER RULE 13.18 OF THE LISTING RULES'],Hong Kong
20180801084500-1742,2018-08-01,CH,ECON_STOCKMARKET,-1,7,admiration,1,China,https://www.cnbc.com/2018/08/01/goldman-sachs-stocks-investors-should-buy-on-us-china-trade-war-news.html,"['Goldman Sachs: What investors should buy, depending on which way the trade war swings']",Hong Kong
20180801104500-1389,2018-08-01,CH,ECON_STOCKMARKET,-1,3,satisfaction,1,China,http://www.4-traders.com/SOUND-GLOBAL-LTD-6727708/news/Sound-Global-Announcements-and-Notices-Transitional-Arrangements-for-the-Amendments-to-Delisting-27034300/,['Sound Global : Announcements and Notices - Transitional Arrangements for the Amendments to Delisting Framework under the Listing Rules and Resumption Conditions'],Hong Kong
20180801163000-2143,2018-08-01,CH,ECON_STOCKMARKET,0,4,ambiguous-expectation,1,China,https://mrtopstep.com/billionaire-backed-bitcoin-bank-trading-on-major-stock-exchange/,['Billionaire Backed Bitcoin Bank Trading on Major Stock Exchange'],Hong Kong
20180802114500-1620,2018-08-02,CH,ECON_STOCKMARKET,-6,7,confusion,1,China,https://www.telegraph.co.uk/business/2018/08/02/billionaire-retail-tycoon-philip-day-weighs-rescue-bid-house/,['Billionaire retail tycoon Philip Day weighs rescue bid for House of Fraser'],Hong Kong
20180801050000-1302,2018-08-01,NI,ECON_STOCKMARKET,3,3,encouragement,1,Nigeria,https://www.thisdaylive.com/index.php/2018/08/01/fmdq-thomson-reuters-partner-to-strengthen-nigerian-financial-market/,"['FMDQ, Thomson Reuters Partner to Strengthen Nigerian Financial Market']",Nigeria
20180801073000-1321,2018-08-01,KG,ECON_STOCKMARKET,0,1,captivation,1,Kyrgyzstan,https://www.dailypolitical.com/2018/08/01/kaz-minerals-kaz-earns-buy-rating-from-peel-hunt.html,['KAZ Minerals (KAZ) Earns Buy Rating from Peel Hunt'],Kyrgyzstan
20180801081500-1109,2018-08-01,UK,ECON_STOCKMARKET,2,8,stir,1,United Kingdom,http://www.morningstar.co.uk/uk/news/AN_1533103767015143000/pound-little-changed-after-uk-nationwide-house-prices.aspx,['Pound Little Changed After UK Nationwide House Prices'],"London, London, City of, United Kingdom"
20180801084500-71,2018-08-01,UK,ECON_STOCKMARKET,0,3,ambiguous-expectation,1,United Kingdom,http://invezz.com/news/equities/31701-FTSE-100-preview-Index-seen-lower-with-more-earnings-on-the-cards,['FTSE 100 preview: Index seen lower with more earnings on the cards'],"London, London, City of, United Kingdom"
20180801093000-1129,2018-08-01,UK,ECON_STOCKMARKET,1,1,forgiveness,1,United Kingdom,http://www.stockmarketwire.com/article/6074845/Upland-Resources-gets-exploration-licence-from-Tunisian-government.html,['Upland Resources gets exploration licence from Tunisian government'],United Kingdom
20180801093000-1881,2018-08-01,UK,ECON_STOCKMARKET,0,0,favor,1,United Kingdom,https://www.dailypolitical.com/2018/08/01/blackrock-inc-has-5-32-million-stake-in-ishares-tr-agy-bd-etf-agz.html,['BlackRock Inc. Has $5.32 Million Stake in ISHARES Tr/AGY BD ETF (AGZ)'],"Cambridge, Cambridgeshire, United Kingdom"
20180801091500-1033,2018-08-01,UK,ECON_STOCKMARKET,0,4,lost-sorrow,1,United Kingdom,https://www.yorkshirepost.co.uk/news/direct-line-boss-to-step-down-in-2019-1-9278985,[None],"London, London, City of, United Kingdom"
20180801091500-1502,2018-08-01,UK,ECON_STOCKMARKET,-3,7,love,1,United Kingdom,https://timesofindia.indiatimes.com/business/india-business/why-tata-motors-hit-a-road-bump-on-the-street-today/articleshow/65225447.cms,['Tata Motors Share Price: Why Tata Motors hit a road bump on the Street today'],United Kingdom
20180801110000-351,2018-08-01,UK,ECON_STOCKMARKET,0,6,enthusiasm,1,United Kingdom,http://www.4-traders.com/news/Rio-Tinto-to-Buy-Back-Shares-After-First-Half-Profit-Jumps-Update--27034618/,['Rio Tinto to Buy Back Shares After First-Half Profit Jumps -- Update'],"London, London, City of, United Kingdom"
20180801134500-122,2018-08-01,UK,ECON_STOCKMARKET,2,2,forgiveness,1,United Kingdom,http://www.stockmarketwire.com/article/6075460/FastForward-Innovations-mulling-pound5m-equity-raising.html,['FastForward Innovations mulls &pound;5m equity raising'],United Kingdom
20180801134500-2138,2018-08-01,UK,ECON_STOCKMARKET,0,3,forgiveness,1,United Kingdom,http://www.stockmarketwire.com/article/6075479/Boxhill-Technologies-suspended-from-trading-after-missing-filing-deadline.html,['Boxhill Technologies suspended from trading after missing filing deadline'],"Boxhill, Surrey, United Kingdom"
20180801144500-227,2018-08-01,UK,ECON_STOCKMARKET,0,8,preference,1,United Kingdom,http://www.morningstar.co.uk/uk/news/AN_1533131799016715100/dollar-recovers-ahead-of-ism-manufacturing-construction-spending-data.aspx,"['Dollar Recovers Ahead Of ISM Manufacturing,...']",United Kingdom
20180802064500-1187,2018-08-02,UK,ECON_STOCKMARKET,2,3,favor,1,United Kingdom,https://www.investegate.co.uk/european-wealth-grp--ewg-/rns/subscription-and-issue-of-equity/201808020700155587W/,['European Wealth Grp: SUBSCRIPTION AND ISSUE OF EQUITY'],"London, London, City of, United Kingdom"
20180802073000-1868,2018-08-02,UK,ECON_STOCKMARKET,0,5,enthusiasm,1,United Kingdom,http://www.4-traders.com/news/Rio-Tinto-Sets-1-Billion-Buyback-WSJ--27041663/,['Rio Tinto Sets $1 Billion Buyback -- WSJ'],"London, London, City of, United Kingdom"
20180802081500-984,2018-08-02,UK,ECON_STOCKMARKET,0,7,favor,1,United Kingdom,http://www.stockmarketwire.com/article/6076543/Barclays-first-half-profits-pressured-by-pound2bn-hit-from-litigation-charges.html,['Barclays first half profits pressured by &pound;2bn hit from litigation charges'],United Kingdom
20180802090000-326,2018-08-02,UK,ECON_STOCKMARKET,0,5,embarrassment,1,United Kingdom,https://www.businessinsider.com.au/london-stock-exchange-triggers-no-deal-brexit-plan-2018-8,[None],"London, London, City of, United Kingdom"
20180802093000-243,2018-08-02,UK,ECON_STOCKMARKET,1,6,embarrassment,1,United Kingdom,http://www.dailymail.co.uk/wires/pa/article-6018683/London-Stock-Exchange-kick-starts-preparations-hard-Brexit.html,['London Stock Exchange kick-starts preparations for hard...'],"London, London, City of, United Kingdom"
20180802084500-40,2018-08-02,UK,ECON_STOCKMARKET,-1,3,distress,1,United Kingdom,http://invezz.com/news/equities/31716-FTSE-100-preview-Index-seen-lower-ahead-of-BoE-decision--1,['FTSE 100 preview: Index seen lower ahead of BoE decision'],"London, London, City of, United Kingdom"
20180802140000-2458,2018-08-02,UK,ECON_STOCKMARKET,1,1,stir,1,United Kingdom,https://www.dailypolitical.com/2018/08/02/barclays-barc-given-a-gbx-250-price-target-by-cfra-analysts.html,['Barclays (BARC) Given a GBX 250 Price Target by Cfra Analysts'],United Kingdom
20180801083000-1809,2018-08-01,TH,ECON_STOCKMARKET,1,5,favor,1,Thailand,http://www.theedgemarkets.com/article/ewein-steps-back-limelight-new-ventures,['Ewein steps back into limelight with new ventures'],"Bangkok, Krung Thep Mahanakhon, Thailand"
20180802021500-241,2018-08-02,TH,ECON_STOCKMARKET,0,6,encouragement,1,Thailand,https://www.businessinsider.com/elon-musk-apology-teslas-q2-report-2018-8,"[""Elon Musk's apology distracted everyone from Tesla's ongoing problems — and that's the danger of Tesla's cult of personality""]",Thailand
20180801084500-1966,2018-08-01,TW,ECON_STOCKMARKET,0,0,encouragement,1,Taiwan,https://www.cemnet.com/News/story/164610/taiwan-cement-to-list-gdrs-on-luxembourg-stock-exchange.html,['Taiwan Cement to list GDRs on Luxembourg stock exchange'],Taiwan
20180801111500-73,2018-08-01,KE,ECON_STOCKMARKET,2,3,encouragement,1,Kenya,https://www.tuko.co.ke/278427-listed-stock-brokers-kenya-2018.html,['Listed stock brokers in Kenya 2018'],"Nairobi, Nairobi Area, Kenya"
20180802104500-976,2018-08-02,KE,ECON_STOCKMARKET,-2,5,encouragement,1,Kenya,https://www.pulse.com.gh/bi/finance/kenya-to-have-all-cars-fitted-with-speed-tracking-gadgets-id8680341.html,['Kenya to have all cars fitted with speed tracking gadgets'],"Nairobi, Nairobi Area, Kenya"
20180801114500-277,2018-08-01,SZ,ECON_STOCKMARKET,4,4,captivation,1,Switzerland,https://www.dailypolitical.com/2018/08/01/stock-traders-buy-high-volume-of-credit-suisse-group-call-options-cs.html,['Stock Traders Buy High Volume of Credit Suisse Group Call Options (CS)'],Switzerland
20180802081500-1886,2018-08-02,SZ,ECON_STOCKMARKET,0,5,defeatism,1,Switzerland,https://uk.reuters.com/article/uk-europe-stocks/european-shares-fall-as-siemens-bmw-disappointments-hit-dax-idUKKBN1KN0WR,['Tariff threats and earnings disappointments dent European shares'],Switzerland
20180801140000-557,2018-08-01,SF,ECON_STOCKMARKET,-2,6,ambiguous-expectation,1,South Africa,https://portfolio-adviser.com/terry-smith-investment-trust-falls-5-3/,N/A,South Africa
20180801174500-1584,2018-08-01,SF,ECON_STOCKMARKET,-1,5,preference,1,South Africa,https://www.reuters.com/article/safrica-markets/update-1-south-africas-rand-stocks-recover-from-slip-after-anc-land-move-idUSL5N1US6I2,"[""UPDATE 1-South Africa's rand, stocks recover from slip after ANC land move""]","Johannesburg, Gauteng, South Africa"
20180802094500-820,2018-08-02,SF,ECON_STOCKMARKET,-2,7,captivation,1,South Africa,https://tabloidmedia.co.za/kzn-faces-severe-blood-shortage-help-by-donating-blood-now/,['Local Community Breaking News'],"Kwazulu, Eastern Cape, South Africa"
20180802190000-191,2018-08-02,SF,ECON_STOCKMARKET,0,5,admiration,1,South Africa,http://www.wallstreetinvestorplace.com/2018/08/low-beta-stock-produce-lower-return-harmony-gold-mining-company-limited-hmy-2/,[None],"Harmony Gold Mining Company, Free State, South Africa"
20180801133000-993,2018-08-01,QA,ECON_STOCKMARKET,-7,11,misery,1,Qatar,https://www.dailysabah.com/finance/2018/08/01/qatar-stocks-recover-losses-suffered-from-gulf-rift,['Qatar stocks recover losses suffered from Gulf rift'],"Doha, Ad Daw?ah, Qatar"
20180801160000-1774,2018-08-01,QA,ECON_STOCKMARKET,0,4,confidence,1,Qatar,https://thepeninsulaqatar.com/article/01/08/2018/Qatar-stock-market-overtakes-Saudi-Arabia-as-best-performing-Gulf-market,['Qatar stock market overtakes Saudi Arabia as best performing Gulf market'],Qatar
20180801153000-677,2018-08-01,KU,ECON_STOCKMARKET,0,5,forgiveness,1,Kuwait,https://cedarvillenews.com/egypt-kuwait-holding-company-s-a-e-caseekho-erp5-score-of-6913-in-focus/73800/,['Cedarville News'],Kuwait
20180801150000-710,2018-08-01,CA,ECON_STOCKMARKET,0,1,coolness,1,Canada,https://www.wkrb13.com/2018/08/01/dedora-capital-inc-invests-517000-in-stryker-co-syk-stock.html,"['DeDora Capital Inc. Invests $517,000 in Stryker Co. (SYK) Stock']","Blackrock, Nova Scotia, Canada"
20180801130000-1458,2018-08-01,CA,ECON_STOCKMARKET,2,3,captivation,1,Canada,https://www.dailypolitical.com/2018/08/01/northrop-grumman-co-noc-position-increased-by-pinnacle-financial-partners-inc.html,['Northrop Grumman Co. (NOC) Position Increased by Pinnacle Financial Partners Inc.'],Canada
20180801171500-96,2018-08-01,CA,ECON_STOCKMARKET,0,0,stir,1,Canada,https://www.dailypolitical.com/2018/08/01/intesa-sanpaolo-isp-earns-neutral-rating-from-royal-bank-of-canada.html,['Intesa Sanpaolo (ISP) Earns Neutral Rating from Royal Bank of Canada'],Canada
20180801231500-813,2018-08-01,CA,ECON_STOCKMARKET,1,7,reverence,1,Canada,https://www.theglobeandmail.com/investing/investment-ideas/number-cruncher/article-strategy-addresses-key-risk-in-hunt-for-undervalued-stocks/,['Fifteen undervalued Canadian stocks where risk of decline is minimized'],"Toronto, Ontario, Canada"
20180802144500-1759,2018-08-02,CA,ECON_STOCKMARKET,0,4,admiration,1,Canada,http://www.wallstreetinvestorplace.com/2018/08/high-risky-stock-to-watch-eldorado-gold-corporation-ego-3/,[None],"Eldorado, Saskatchewan, Canada"
20180802171500-630,2018-08-02,CA,ECON_STOCKMARKET,-1,4,impatience,1,Canada,https://www.bloomberg.com/news/articles/2018-08-02/new-fang-notes-let-investors-bet-on-tech-optimism-or-skepticism,['Terms of Service Violation'],"Montreal, Quebec, Canada"
20180802200000-480,2018-08-02,CA,ECON_STOCKMARKET,0,0,stir,1,Canada,https://www.wkrb13.com/2018/08/02/gea-group-aktiengesellschaft-g1a-stock-rating-reaffirmed-by-dz-bank.html,['GEA Group Aktiengesellschaft (G1A) Stock Rating Reaffirmed by DZ Bank'],Canada
20180801191500-1108,2018-08-01,PM,ECON_STOCKMARKET,-1,6,ambiguous-expectation,1,Panama,https://www.moneyshow.com/articles/tradingidea-49195/,[None],Panama
20180801180000-2123,2018-08-01,JO,ECON_STOCKMARKET,-1,1,favor,1,Jordan,http://www.mondovisione.com/media-and-resources/news/financial-statements-of-the-second-quarter-2018-for-companies-listed-at-the-amma-1/,['Financial Statements Of The Second Quarter 2018 For Companies Listed At The Amman Stock Exchange (ASE)'],"Amman, (JO11), Jordan"
20180801223000-813,2018-08-01,CE,ECON_STOCKMARKET,-2,3,favor,1,Sri Lanka,http://www.island.lk/index.php?page_cat=article-details&page=article-details&code_title=188876,['The Island'],"Colombo, Western, Sri Lanka"
20180802031500-1781,2018-08-02,NZ,ECON_STOCKMARKET,0,7,closeness,1,New Zealand,https://www.nzherald.co.nz/northern-advocate/news/article.cfm?c_id=1503450&objectid=12099815,[None],"Northland, New Zealand (general), New Zealand"
20180802024500-623,2018-08-02,NZ,ECON_STOCKMARKET,0,3,distress,1,New Zealand,https://www.nzherald.co.nz/the-country/news/article.cfm?c_id=16&objectid=12099912,[None],"Paraparaumu, New Zealand (general), New Zealand"
20180802044500-1461,2018-08-02,GV,ECON_STOCKMARKET,1,4,encouragement,1,Guinea,https://northfieldreview.com/needle-tilting-action-spotted-in-new-guinea-energy-ltd-nge-axs-0-010-move/58388/,['Needle Tilting Action Spotted in New Guinea Energy Ltd (NGE.AX)’s -0.010 Move'],Guinea
20180802053000-835,2018-08-02,PE,ECON_STOCKMARKET,1,2,captivation,1,Peru,https://theenterpriseleader.com/2018/08/01/bnp-paribas-arbitrage-sa-buys-27364-shares-of-credicorp-ltd-bap.html,"['MarketBeat: Stock Ratings, Research Tools and Market News']",Peru
20180802043000-574,2018-08-02,BN,ECON_STOCKMARKET,0,1,stir,1,Benin,https://www.fairfieldcurrent.com/2018/08/01/schlumberger-limited-slb-holdings-lifted-by-benin-management-corp.html,"['MarketBeat: Stock Ratings, Research Tools and Market News']",Benin
20180802074500-2068,2018-08-02,AE,ECON_STOCKMARKET,3,8,security,1,United Arab Emirates,https://www.zawya.com/mena/en/story/H1_results_new_projects_to_boost_UAE_stocks_in_August-SNG_122493327/,"['H1 results, new projects to boost UAE stocks in August']","Dubai, Dubayy, United Arab Emirates"
20180802074500-623,2018-08-02,FR,ECON_STOCKMARKET,4,5,liking,1,France,https://www.standard.co.uk/lifestyle/esmagazine/my-london-orla-kiely-a3899801.html,['My London: Orla Kiely'],"Paris, France (general), France"
20180802110000-282,2018-08-02,FR,ECON_STOCKMARKET,0,2,ambiguous-expectation,1,France,https://tokoyuri.com/2018/08/02/analysts-see-0-03-eps-for-penumbra-inc-pen-hyster-yale-materials-handling-has-0-94-sentiment/,"['Analysts See $0.03 EPS for Penumbra, Inc. (PEN); Hyster-yale Materials Handling Has 0.94 Sentiment']",France
20180802194500-2042,2018-08-02,FR,ECON_STOCKMARKET,0,0,stir,1,France,https://www.dailypolitical.com/2018/08/02/bnp-paribas-bnp-given-a-71-34-price-target-at-kepler-capital-markets.html,['BNP Paribas (BNP) Given a €71.34 Price Target at Kepler Capital Markets'],France
20180802213000-2601,2018-08-02,FR,ECON_STOCKMARKET,1,3,favor,1,France,https://seekingalpha.com/article/4194068-mcdonalds-u-s-market-will-bounce-back,"[""McDonald's: U.S. Market Will Bounce Back""]",France
20180802071500-356,2018-08-02,CI,ECON_STOCKMARKET,1,2,captivation,1,Chile,https://www.fairfieldcurrent.com/2018/08/01/analysts-set-banco-de-chile-bch-target-price-at-91-50.html,"['NYSE:BCH - Banco de Chile Stock Price, News, Headlines & Rumors']",Chile
20180802144500-418,2018-08-02,CI,ECON_STOCKMARKET,0,2,forgiveness,1,Chile,http://www.stocksgallery.com/2018/08/02/investors-watching-high-dividend-yield-of-sociedad-quimica-y-minera-de-chile-s-a-sqm/,[None],Chile
20180802170000-274,2018-08-02,CI,ECON_STOCKMARKET,1,2,favor,1,Chile,https://www.dispatchtribunal.com/2018/08/02/sociedad-quimica-y-minera-de-chile-sqm-stake-lifted-by-eqis-capital-management-inc.html,['Sociedad Quimica y Minera de Chile (SQM) Stake Lifted by Eqis Capital Management Inc.'],Chile
20180802063000-1470,2018-08-02,SN,ECON_STOCKMARKET,0,5,defeatism,1,Singapore,https://www.businesstimes.com.sg/companies-markets/hot-stock-hi-p-down-14-on-sliding-earnings,['Hot stock: Hi-P pares losses from morning trade; down 10% on day'],Singapore
20180802081500-1235,2018-08-02,IT,ECON_STOCKMARKET,0,0,stir,1,Italy,https://www.dailypolitical.com/2018/08/02/innogy-igy-given-a-38-40-price-target-by-sanford-c-bernstein-analysts.html,['Innogy (IGY) Given a €38.40 Price Target by Sanford C. Bernstein Analysts'],Italy
20180802173000-2799,2018-08-02,IT,ECON_STOCKMARKET,0,4,stir,1,Italy,http://www.trinidadandtobagonews.com/blog/?p=11204,['Crying over Caroni’s evaporated aged rums « Trinidad and Tobago News Blog'],Italy
20180802083000-479,2018-08-02,SA,ECON_STOCKMARKET,0,0,admiration,1,Saudi Arabia,https://m.gulfnews.com/business/sectors/retail/final-dss-sale-up-to-75-off-at-these-dubai-shops-today-1.2260578,[None],"Riyadh, Ar Riya?, Saudi Arabia"
20180802090000-1996,2018-08-02,MY,ECON_STOCKMARKET,-1,5,ambiguous-expectation,1,Malaysia,https://seekingalpha.com/article/4193530-emergence-value-western-digital,['The Emergence Of Value At Western Digital'],Malaysia
20180802091500-1866,2018-08-02,MY,ECON_STOCKMARKET,0,0,fondness,1,Malaysia,https://www.soyacincau.com/tag/surface-go-malaysia/,['Surface Go Malaysia'],Malaysia
20180802093000-721,2018-08-02,PO,ECON_STOCKMARKET,0,3,closeness,1,Portugal,http://cedarvillenews.com/g-x-ftse-portugal-20-etf-pgal-wary-investors-should-take-note-of-the-twiggs-money-flow-reading/76853/,['Cedarville News'],Portugal
20180802114500-1110,2018-08-02,FI,ECON_STOCKMARKET,0,3,favor,1,Finland,https://northfieldreview.com/past-performance-watch-on-this-stock-ishares-msci-finland-etf-efnl-one-month-high-at-42-02/58913/,['Past Performance Watch on This Stock: iShares MSCI Finland ETF (:EFNL): One Month High at 42.02'],Finland
20180802121500-2388,2018-08-02,LU,ECON_STOCKMARKET,0,5,reverence,1,Luxembourg,https://tremontherald.com/daily/multi-units-luxembourg-lcjp-l-shares-run-0-78-in-session/97724/,['Global & Finance News'],Luxembourg
20180802121500-2494,2018-08-02,SW,ECON_STOCKMARKET,0,2,favor,1,Sweden,http://www.4-traders.com/BNP-PARIBAS-4618/news/BNP-Paribas-18-1365-Listing-of-Turbo-warrants-issued-by-BNP-Paribas-Issuance-B-V-27044170/,[None],"Stockholm, Stockholm, Sweden"
20180802140000-1633,2018-08-02,EG,ECON_STOCKMARKET,0,1,reverence,1,Egypt,http://businessweekme.com/egypt-garment-exporter-plans-november-ipo/,['Egypt Garment Exporter Plans November IPO'],"Upper Egypt, Egypt (general), Egypt"
20180802151500-153,2018-08-02,EG,ECON_STOCKMARKET,0,1,reverence,1,Egypt,https://www.bloomberg.com/news/articles/2018-08-02/egypt-garment-exporter-giza-spinning-plans-november-ipo-in-cairo,['Terms of Service Violation'],"Upper Egypt, Egypt (general), Egypt"
20180802133000-2569,2018-08-02,BR,ECON_STOCKMARKET,1,2,placidity,1,Brazil,http://www.livecharts.co.uk/share_prices/ULVR-Headlines---FTSE-100-preview--Index-seen-news1533205139.html,['ULVR Headlines - FTSE 100 preview: Index seen lower ahead of BoE decision'],Brazil
20180802153000-432,2018-08-02,GR,ECON_STOCKMARKET,1,2,lost-sorrow,1,Greece,http://www.4-traders.com/HELLENIC-EXCHANGES-6259023/news/Hellenic-Exchanges-Share-capital-return-2018-27046113/,['Hellenic Exchanges : Share capital return 2018'],"Athens, AttikíR, Greece"
20180802161500-1801,2018-08-02,LT,ECON_STOCKMARKET,1,1,enthusiasm,1,Lesotho,http://www.4-traders.com/FIRESTONE-DIAMONDS-PLC-4001980/news/Issue-of-shares-re-Eurobond-27046480/,['Issue of shares re: Eurobond'],Lesotho
20180802170000-1239,2018-08-02,MG,ECON_STOCKMARKET,0,2,favor,1,Mongolia,http://www.4-traders.com/SOUTHGOBI-RESOURCES-LTD-1409067/news/SouthGobi-Resources-Announcements-and-Notices-Southgobi-to-Announce-Second-Quarter-2018-Results-27046717/,"['SouthGobi Resources : Announcements and Notices - Southgobi to Announce Second Quarter 2018 Results on August 14, 2018']",Mongolia
20180802190000-2769,2018-08-02,PL,ECON_STOCKMARKET,0,1,fondness,1,Poland,"https://biznes.interia.pl/news/notice-on-the-decisions-adopted-by-the-extraordinary-general,2581092,1081",[None],"Warsaw, (PL67), Poland"
20180802184500-73,2018-08-02,BF,ECON_STOCKMARKET,0,5,hopelessness,1,Bahamas,http://cedarvillenews.com/a-look-into-bahamas-petroleum-company-plc-bpc-ls-recent-activity/77526/,['Cedarville News'],"Bahamas, The"
20180802210000-205,2018-08-02,NL,ECON_STOCKMARKET,0,2,distance,1,Netherlands,https://ztribune.com/2018/08/02/robert-ingram-director-of-torchmark-tmk-just-sold-shares-3-analysts-bullish-ormat-technologies-inc-ora/,"['Robert Ingram, director of Torchmark (TMK) Just Sold Shares; 3 Analysts Bullish Ormat Technologies, Inc. (ORA)']","Amsterdam, Noord-Holland, Netherlands"
